{"train_loss":5.428423566818237,"_timestamp":1.7545182519503322e+09,"_wandb":{"runtime":348},"val_loss":5.364113163031065,"train_ppl":227.78994750976562,"test_ppl":82.774658203125,"eval_ppl":213.60195922851562,"_step":1,"_runtime":348,"epoch":0,"test_loss":4.416121417742509}