{"epoch":0,"train_loss":5.310167498588562,"val_loss":5.279952768179086,"_timestamp":1.7545175518660848e+09,"train_ppl":202.38418579101562,"_wandb":{"runtime":328},"_runtime":328,"_step":0,"eval_ppl":196.3606414794922}