{"eval_ppl":125.61370849609375,"train_ppl":133.1778564453125,"_wandb":{"runtime":622},"epoch":1,"test_ppl":75.18692016601562,"_timestamp":1.7545354693887153e+09,"val_loss":4.833212749774639,"_step":2,"train_loss":4.8916854619979855,"test_loss":4.319977417358985,"_runtime":622}